/*
SQLyog Ultimate v12.09 (64 bit)
MySQL - 5.6.47-log : Database - bookstore
*********************************************************************
*/

/*!40101 SET NAMES utf8 */;

/*!40101 SET SQL_MODE=''*/;

/*!40014 SET @OLD_UNIQUE_CHECKS=@@UNIQUE_CHECKS, UNIQUE_CHECKS=0 */;
/*!40014 SET @OLD_FOREIGN_KEY_CHECKS=@@FOREIGN_KEY_CHECKS, FOREIGN_KEY_CHECKS=0 */;
/*!40101 SET @OLD_SQL_MODE=@@SQL_MODE, SQL_MODE='NO_AUTO_VALUE_ON_ZERO' */;
/*!40111 SET @OLD_SQL_NOTES=@@SQL_NOTES, SQL_NOTES=0 */;
CREATE DATABASE /*!32312 IF NOT EXISTS*/`bookstore` /*!40100 DEFAULT CHARACTER SET utf8 */;

USE `bookstore`;

/*Table structure for table `address` */

DROP TABLE IF EXISTS `address`;

CREATE TABLE `address` (
  `id` int(11) NOT NULL AUTO_INCREMENT,
  `name` varchar(32) DEFAULT NULL,
  `phone` varchar(20) DEFAULT NULL,
  `disabled` int(11) DEFAULT '0',
  `user_id` int(11) DEFAULT NULL,
  `province` varchar(50) DEFAULT NULL,
  `city` varchar(50) DEFAULT NULL,
  `district` varchar(50) DEFAULT NULL,
  `detail` varchar(100) DEFAULT NULL,
  PRIMARY KEY (`id`),
  KEY `user_id` (`user_id`),
  CONSTRAINT `address_ibfk_1` FOREIGN KEY (`user_id`) REFERENCES `user` (`ID`)
) ENGINE=InnoDB AUTO_INCREMENT=76 DEFAULT CHARSET=utf8;

/*Data for the table `address` */

insert  into `address`(`id`,`name`,`phone`,`disabled`,`user_id`,`province`,`city`,`district`,`detail`) values (3,'vonlight','13726212704',1,32,'广东省','广州市','增城区','珠江新城'),(4,'vonlight','13726212704',1,33,'广东省','广州市','增城区','珠江新城'),(8,'vonlight','10086',0,20,'广东省','广州市','增城区','珠江新城'),(11,'123','123',0,34,'广东省','广州市','增城区','珠江新城'),(13,'VV ','10068',1,34,'广东省','广州市','增城区','珠江新城'),(16,'V1','10068',1,30,'广东省','广州市','增城区','珠江新城'),(24,'vonlight','13726212704',1,36,'广东省','广州市','增城区','珠江新城'),(25,'vonlight','13726212704',1,39,'广东省','广州市','增城区','珠江新城'),(26,'vonlight','13726212704',1,41,'广东省','广州市','增城区','珠江新城'),(27,'vonlight','13726212704',1,42,'广东省','广州市','增城区','珠江新城'),(28,'vonlight','13726212704',1,43,'广东省','广州市','增城区','珠江新城'),(30,'小V','13726212704',1,44,'广东省','广州市','增城区','珠江新城'),(31,'asd','13726212704',1,46,'广东省','广州市','增城区','珠江新城'),(32,'Marsha E Nickel Marsha','13726212704',1,47,'北京市','北京市市辖区','东城区','asd'),(33,'von','13726212704',1,48,'广东省','广州市','增城区','珠江新城'),(34,'123456678','12345667810',1,49,'北京市','北京市市辖区','东城区','天河区'),(37,'von','10086',0,20,'天津市','天津市市辖区','和平区','123'),(39,'ddd','123123',1,20,'北京市','北京市市辖区','东城区','ddd'),(40,'aaa','123',0,20,'北京市','北京市市辖区','东城区','123'),(41,'vonlight','13726212704',0,50,'吉林省','长春市','南关区','002'),(42,'AAA','137086333333',1,50,'河北省','石家庄市','长安区','002'),(43,'von','13726212704',1,51,'山西省','太原市','小店区','111'),(44,'666666','66666666666',1,52,'北京市','北京市市辖区','东城区','666666'),(47,'vonlight','13726212805',1,53,'北京市','北京市市辖区','东城区','111'),(48,'123','13726212704',1,54,'北京市','北京市市辖区','东城区','123'),(49,'von','13726212704',1,55,'天津市','天津市市辖区','河东区','111'),(50,'vonlight','12345667810',0,55,'天津市','天津市市辖区','和平区','123'),(51,'von','13726212704',1,56,'天津市','天津市市辖区','和平区','123'),(52,'von','13726212704',1,57,'天津市','天津市市辖区','和平区','123'),(53,'von','13726212704',0,58,'天津市','天津市市辖区','和平区','123'),(54,'von','123456',0,58,'北京市','北京市市辖区','东城区','123'),(55,'von','13726212704',1,59,'山西省','大同市','矿区','1111'),(56,'vonlight','13726212704',1,58,'河北省','石家庄市','长安区','123'),(57,'von','13726212704',1,60,'天津市','天津市市辖区','和平区','123'),(59,'vonlight','13726212704',1,61,'天津市','天津市市辖区','和平区','123123'),(60,'vonlight','13726212704',0,61,'天津市','天津市市辖区','和平区','123'),(66,'55','13726212704',0,65,'河北省','石家庄市','长安区','123'),(67,'vonlight','13726212704',1,65,'北京市','北京市市辖区','东城区','123123'),(74,'vonlight','13726212704',1,66,'广东省','汕头市','潮南区','两英镇111'),(75,'von','13726212704',0,20,'江西省','南昌市','东湖区','123');

/*Table structure for table `category` */

DROP TABLE IF EXISTS `category`;

CREATE TABLE `category` (
  `CODE` varchar(100) NOT NULL,
  `NAME` varchar(50) DEFAULT NULL,
  `REMARK` varchar(200) DEFAULT NULL,
  PRIMARY KEY (`CODE`)
) ENGINE=InnoDB DEFAULT CHARSET=utf8;

/*Data for the table `category` */

insert  into `category`(`CODE`,`NAME`,`REMARK`) values ('0001','IT类书籍','IT类书籍 '),('00010001','编程设计','程序设计'),('00010002','数据库','数据库'),('00010003','编程理论','编程理论'),('00010004','大数据','大数据'),('00010005','C++','C++'),('00010006','JAVA','JAVA书籍'),('0002','小说类书籍','小说'),('00020001','社会','社会'),('00020002','言情','言情'),('00020003','悬疑','悬疑'),('0003','文艺','文艺'),('00030001','文学','文学'),('00030002','传记','传记'),('0004','青春语录','青春语录'),('00040001','青春文学','青春文学'),('00040002','动漫','动漫'),('00040003','幽默','幽默'),('0005','职场文化','励志/成功'),('00050001','修养','修养'),('00050002','成功','成功'),('00050003','职场','职场'),('00050004','沟通','沟通'),('0006','儿童书籍','儿童'),('00060001','科学','科学'),('00060002','图画书','图画书'),('0007','生活相关','生活'),('00070001','育儿','育儿'),('00070002','运动','运动'),('00070003','美食','美食'),('0008','管理与经济学','管理与经济学'),('00080001','经济','经济'),('00080002','会计','会计'),('00080003','人力资源','人力资源'),('00080004','创业','创业'),('0009','教育教学','校园教育'),('00090001','教材','教材'),('00090002','外语','外语'),('00090003','考试','考试'),('00090004','中小学教辅','中小学教辅'),('0010','小说','小说'),('00100001','武侠','武侠小说');

/*Table structure for table `order_product` */

DROP TABLE IF EXISTS `order_product`;

CREATE TABLE `order_product` (
  `ORDER_ID` int(11) NOT NULL DEFAULT '0',
  `PRODUCT_ID` int(11) NOT NULL DEFAULT '0',
  `ORDER_NUM` int(11) DEFAULT NULL,
  PRIMARY KEY (`ORDER_ID`,`PRODUCT_ID`),
  KEY `FK_ORDER_ITEM_PRODUCT_ID` (`PRODUCT_ID`),
  CONSTRAINT `FK_ORDER_ITEM_ORDER_ID` FOREIGN KEY (`ORDER_ID`) REFERENCES `tb_order` (`ID`),
  CONSTRAINT `FK_ORDER_ITEM_PRODUCT_ID` FOREIGN KEY (`PRODUCT_ID`) REFERENCES `product` (`ID`)
) ENGINE=InnoDB DEFAULT CHARSET=utf8;

/*Data for the table `order_product` */

insert  into `order_product`(`ORDER_ID`,`PRODUCT_ID`,`ORDER_NUM`) values (47,86,1),(48,76,40),(48,78,7),(48,324,1),(49,76,40),(49,78,7),(49,86,1),(49,324,1),(52,77,1),(54,77,5),(57,80,2),(58,80,1),(59,80,3),(60,80,1),(61,80,1),(62,80,1),(63,80,1),(64,80,1),(65,80,1),(66,80,1),(67,80,1),(68,80,1),(69,77,2),(70,77,1),(71,80,1),(72,80,1),(73,80,1),(74,80,1),(75,80,1),(76,80,1),(77,80,1),(81,80,1),(82,80,1),(83,80,1),(84,80,1),(86,80,1),(87,80,1),(88,80,1),(89,80,1),(90,80,1),(91,80,1),(92,80,1),(93,80,1),(94,80,1),(95,80,1),(97,80,1),(98,80,1),(99,80,1),(100,77,2),(100,80,2),(101,80,1),(102,79,1),(102,80,1),(102,84,1),(103,80,4),(103,84,1),(104,77,6),(108,80,3),(109,80,2),(110,80,2),(111,80,2),(112,80,2),(113,80,2),(114,80,2),(115,80,2),(116,80,2),(117,80,2),(118,80,2),(119,80,2),(121,80,3),(122,77,1),(122,78,1),(122,80,1),(125,78,1),(126,80,1),(127,79,12),(128,77,1),(128,80,3),(129,80,11),(129,84,1),(130,80,1),(131,80,4),(131,82,1),(132,80,7),(133,82,1),(134,77,1),(134,79,6),(134,80,1),(135,76,1),(135,78,1),(136,76,2),(139,78,1),(139,79,1),(139,80,1),(140,78,1),(140,79,1),(140,80,1),(141,78,1),(141,79,1),(141,80,1),(142,78,6),(142,125,4),(143,126,1),(144,79,1),(145,78,3),(146,83,3),(146,86,3),(147,84,3),(148,82,3),(149,82,3),(150,82,3),(151,84,10),(152,222,3),(153,79,1),(153,328,3),(154,337,3),(155,83,3),(156,337,3),(157,337,4),(158,337,4),(159,76,4),(160,82,2),(160,84,2),(161,76,1),(161,80,1),(162,77,1),(162,112,1),(163,80,3);

/*Table structure for table `orderdetail` */

DROP TABLE IF EXISTS `orderdetail`;

CREATE TABLE `orderdetail` (
  `id` int(11) NOT NULL AUTO_INCREMENT,
  `name` varchar(32) DEFAULT NULL,
  `phone` varchar(20) DEFAULT NULL,
  `province` varchar(50) DEFAULT NULL,
  `city` varchar(50) DEFAULT NULL,
  `district` varchar(50) DEFAULT NULL,
  `detail` varchar(100) DEFAULT NULL,
  `order_id` int(11) DEFAULT NULL,
  PRIMARY KEY (`id`),
  UNIQUE KEY `order_id` (`order_id`) USING BTREE,
  CONSTRAINT `orderdetail_ibfk_1` FOREIGN KEY (`order_id`) REFERENCES `tb_order` (`ID`)
) ENGINE=InnoDB AUTO_INCREMENT=108 DEFAULT CHARSET=utf8;

/*Data for the table `orderdetail` */

insert  into `orderdetail`(`id`,`name`,`phone`,`province`,`city`,`district`,`detail`,`order_id`) values (1,'light','10086','广西壮族自治区','桂林市','平乐县','001',47),(2,'light','10086','广西壮族自治区','桂林市','平乐县','001',131),(3,'light','10086','广西壮族自治区','桂林市','平乐县','001',48),(4,'light','10086','广西壮族自治区','桂林市','平乐县','001',49),(5,'light','10086','广西壮族自治区','桂林市','平乐县','001',52),(6,'light','10086','广西壮族自治区','桂林市','平乐县','001',54),(7,'light','10086','广西壮族自治区','桂林市','平乐县','001',57),(8,'light','10086','广西壮族自治区','桂林市','平乐县','001',58),(9,'light','10086','广西壮族自治区','桂林市','平乐县','001',59),(10,'light','10086','广西壮族自治区','桂林市','平乐县','001',60),(11,'light','10086','广西壮族自治区','桂林市','平乐县','001',61),(12,'light','10086','广西壮族自治区','桂林市','平乐县','001',62),(13,'light','10086','广西壮族自治区','桂林市','平乐县','001',63),(14,'light','10086','广西壮族自治区','桂林市','平乐县','001',64),(15,'light','10086','广西壮族自治区','桂林市','平乐县','001',65),(16,'light','10086','广西壮族自治区','桂林市','平乐县','001',66),(17,'light','10086','广西壮族自治区','桂林市','平乐县','001',67),(18,'light','10086','广西壮族自治区','桂林市','平乐县','001',68),(19,'light','10086','广西壮族自治区','桂林市','平乐县','001',69),(20,'light','10086','广西壮族自治区','桂林市','平乐县','001',70),(21,'light','10086','广西壮族自治区','桂林市','平乐县','001',71),(22,'light','10086','广西壮族自治区','桂林市','平乐县','001',72),(23,'light','10086','广西壮族自治区','桂林市','平乐县','001',73),(24,'light','10086','广西壮族自治区','桂林市','平乐县','001',74),(25,'light','10086','广西壮族自治区','桂林市','平乐县','001',75),(26,'light','10086','广西壮族自治区','桂林市','平乐县','001',76),(27,'light','10086','广西壮族自治区','桂林市','平乐县','001',77),(28,'light','10086','广西壮族自治区','桂林市','平乐县','001',81),(29,'light','10086','广西壮族自治区','桂林市','平乐县','001',82),(30,'light','10086','广西壮族自治区','桂林市','平乐县','001',83),(31,'light','10086','广西壮族自治区','桂林市','平乐县','001',84),(32,'light','10086','广西壮族自治区','桂林市','平乐县','001',86),(33,'light','10086','广西壮族自治区','桂林市','平乐县','001',87),(34,'light','10086','广西壮族自治区','桂林市','平乐县','001',88),(35,'light','10086','广西壮族自治区','桂林市','平乐县','001',89),(36,'light','10086','广西壮族自治区','桂林市','平乐县','001',90),(37,'light','10086','广西壮族自治区','桂林市','平乐县','001',91),(38,'light','10086','广西壮族自治区','桂林市','平乐县','001',92),(39,'light','10086','广西壮族自治区','桂林市','平乐县','001',93),(40,'light','10086','广西壮族自治区','桂林市','平乐县','001',94),(41,'light','10086','广西壮族自治区','桂林市','平乐县','001',95),(42,'light','10086','广西壮族自治区','桂林市','平乐县','001',97),(43,'light','10086','广西壮族自治区','桂林市','平乐县','001',98),(44,'light','10086','广西壮族自治区','桂林市','平乐县','001',99),(45,'light','10086','广西壮族自治区','桂林市','平乐县','001',100),(46,'light','10086','广西壮族自治区','桂林市','平乐县','001',101),(47,'light','10086','广西壮族自治区','桂林市','平乐县','001',102),(48,'light','10086','广西壮族自治区','桂林市','平乐县','001',103),(49,'light','10086','广西壮族自治区','桂林市','平乐县','001',104),(53,'light','10086','广西壮族自治区','桂林市','平乐县','001',108),(54,'light','10086','广西壮族自治区','桂林市','平乐县','001',109),(55,'light','10086','广西壮族自治区','桂林市','平乐县','001',110),(56,'light','10086','广西壮族自治区','桂林市','平乐县','001',111),(57,'light','10086','广西壮族自治区','桂林市','平乐县','001',112),(58,'light','10086','广西壮族自治区','桂林市','平乐县','001',113),(59,'light','10086','广西壮族自治区','桂林市','平乐县','001',114),(60,'light','10086','广西壮族自治区','桂林市','平乐县','001',115),(61,'light','10086','广西壮族自治区','桂林市','平乐县','001',116),(62,'light','10086','广西壮族自治区','桂林市','平乐县','001',117),(63,'light','10086','广西壮族自治区','桂林市','平乐县','001',118),(64,'light','10086','广西壮族自治区','桂林市','平乐县','001',119),(66,'light','10086','广西壮族自治区','桂林市','平乐县','001',121),(67,'light','10086','广西壮族自治区','桂林市','平乐县','001',122),(68,'light','10086','广西壮族自治区','桂林市','平乐县','001',123),(70,'light','10086','广西壮族自治区','桂林市','平乐县','001',125),(71,'light','10086','广西壮族自治区','桂林市','平乐县','001',126),(72,'light','10086','广西壮族自治区','桂林市','平乐县','001',127),(73,'light','10086','广西壮族自治区','桂林市','平乐县','001',128),(74,'light','10086','广西壮族自治区','桂林市','平乐县','001',129),(75,'light','10086','广西壮族自治区','桂林市','平乐县','001',130),(76,'AAA','137086333333','河北省','石家庄市','长安区','002',132),(77,'AAA','137086333333','河北省','石家庄市','长安区','002',133),(78,'aaa','123','北京市','北京市市辖区','东城区','123',134),(79,'ddd','123123','北京市','北京市市辖区','东城区','ddd',135),(80,'aaa','123','北京市','北京市市辖区','东城区','123',136),(83,'vonlight','10086','广东省','广州市','增城区','珠江新城',139),(84,'vonlight','10086','广东省','广州市','增城区','珠江新城',140),(85,'vonlight','10086','广东省','广州市','增城区','珠江新城',141),(86,'vonlight','10086','广东省','广州市','增城区','珠江新城',142),(87,'von','13726212704','天津市','天津市市辖区','河东区','111',143),(88,'von','13726212704','天津市','天津市市辖区','河东区','111',144),(89,'von','13726212704','天津市','天津市市辖区','河东区','111',145),(90,'von','13726212704','天津市','天津市市辖区','河东区','111',146),(91,'von','13726212704','天津市','天津市市辖区','和平区','123',147),(92,'von','13726212704','天津市','天津市市辖区','和平区','123',148),(93,'von','13726212704','天津市','天津市市辖区','和平区','123',149),(94,'von','13726212704','天津市','天津市市辖区','和平区','123',150),(95,'von','13726212704','天津市','天津市市辖区','和平区','123',151),(96,'von','13726212704','天津市','天津市市辖区','和平区','123',152),(97,'von','10086','天津市','天津市市辖区','和平区','123',153),(98,'vonlight','13726212704','天津市','天津市市辖区','和平区','123123',154),(99,'55','13726212704','山西省','太原市','小店区','123',155),(100,'vonlight','13726212704','河北省','石家庄市','长安区','123',156),(101,'vonlight','13726212704','内蒙古自治区','包头市','东河区','123',157),(102,'55','13726212704','河北省','石家庄市','长安区','123',158),(103,'vonlight','10086','广东省','广州市','增城区','珠江新城',159),(104,'von','10086','天津市','天津市市辖区','和平区','123',160),(105,'von','13726212704','江西省','南昌市','东湖区','123',161),(106,'aaa','123','北京市','北京市市辖区','东城区','123',162),(107,'aaa','123','北京市','北京市市辖区','东城区','123',163);

/*Table structure for table `product` */

DROP TABLE IF EXISTS `product`;

CREATE TABLE `product` (
  `ID` int(11) NOT NULL AUTO_INCREMENT,
  `TITLE` varchar(200) DEFAULT NULL,
  `AUTHOR` varchar(20) DEFAULT NULL,
  `PRICE` double DEFAULT NULL,
  `DISCOUNT` double DEFAULT '1',
  `PUBLISHER` varchar(300) DEFAULT NULL,
  `STORAGE` int(11) DEFAULT '100',
  `IMAGE` varchar(200) DEFAULT NULL,
  `DESCRIPTION` varchar(500) DEFAULT NULL,
  `CATEGORY_CODE` varchar(100) DEFAULT NULL,
  `CREATE_DATE` datetime DEFAULT NULL,
  `DISABLED` int(1) DEFAULT '0',
  PRIMARY KEY (`ID`),
  KEY `FK_CATEGORY` (`CATEGORY_CODE`),
  CONSTRAINT `FK_CATEGORY` FOREIGN KEY (`CATEGORY_CODE`) REFERENCES `category` (`CODE`)
) ENGINE=InnoDB AUTO_INCREMENT=340 DEFAULT CHARSET=utf8;

/*Data for the table `product` */

insert  into `product`(`ID`,`TITLE`,`AUTHOR`,`PRICE`,`DISCOUNT`,`PUBLISHER`,`STORAGE`,`IMAGE`,`DESCRIPTION`,`CATEGORY_CODE`,`CREATE_DATE`,`DISABLED`) values (76,'编程秘籍','黄宇昆',132.3,1,'清华大学出版社',11,'00010001-1.jpg','123123','00030001','2012-06-18 00:00:00',0),(77,'数据结构','黄宇昆',100,1,'清华大学出版社',89,'82b41536c6ea4a009fb9130186edb158.png','数据结构','00010001','2020-04-10 20:22:54',0),(78,'计算机应用工具','黄宇昆',132.3,0.5,'清华大学出版社',70,'214118ee7b7a417f911c72f371886459.png','给受欺负者的启示录，给爱欺负者的警示录。宇宙无敌恶搞不断打破你的接受极限！*毁三观的爆笑恶搞绝招，让你连呼不可思议！惹谁不能惹黑背！黑背经典名句：接受我的感化吧！切记切记：黑背绝招不到万不得已千万不要使用，使用时一定要手下留情。','00010001','2020-04-10 20:22:41',1),(79,'编程猫吖','黄宇昆',100,0.6,'清华大学出版社',193,'de6c9fc257ff4327a62a1651c286d4b4.png','111','00010001','2020-04-14 15:43:39',1),(80,'算法','黄宇昆',132.3,1,'清华大学出版社',52,'74c0b0d7efff4717a9c314763b3c1851.png','算法','00010001','2020-04-11 13:29:37',0),(82,'编程书籍','黄宇昆',132.3,1,'清华大学出版社',97,'00010001-7.jpg','编程书籍','00010001','2012-06-18 00:00:00',0),(83,'编程书籍','黄宇昆',132.3,1,'清华大学出版社',97,'00010001-8.jpg','编程书籍','00010001','2012-06-18 00:00:00',0),(84,'编程书籍','黄宇昆',132.3,1,'清华大学出版社',95,'00010001-9.jpg','编程书籍','00010001','2012-06-18 00:00:00',0),(85,'编程书籍','黄宇昆',132.3,1,'清华大学出版社',97,'00010001-10.jpg','编程书籍','00010001','2012-06-18 00:00:00',0),(86,'编程专家','黄宇昆',132.3,1,'清华大学出版社',98,'00010004-1.jpg','编程专家','00010004','2012-06-18 00:00:00',0),(87,'编程专家猫','黄宇昆',132.3,1,'清华大学出版社',100,'00010004-2.jpg','编程专家猫','00010004','2012-06-18 00:00:00',0),(88,'编程实战','黄宇昆',132.3,1,'清华大学出版社',100,'00010004-3.jpg','编程实战','00010004','2012-06-18 00:00:00',0),(89,'工业机器人','黄宇昆',132.3,1,'清华大学出版社',100,'00010003-1.jpg','工业机器人','00010003','2012-06-18 00:00:00',0),(90,'编程指南','黄宇昆',132.3,1,'清华大学出版社',100,'00010003-2.jpg','编程指南','00010003','2012-06-18 00:00:00',0),(91,'go语言','黄宇昆',132.3,1,'清华大学出版社',100,'00010003-3.jpg','go语言','00010003','2012-06-18 00:00:00',0),(92,'可视化编程','黄宇昆',132.3,1,'清华大学出版社',100,'00010003-4.jpg','可视化编程','00010003','2012-06-18 00:00:00',0),(93,'mysql数据库','黄宇昆',132.3,1,'清华大学出版社',100,'00010002-1.jpg','mysql数据库','00010002','2012-06-18 00:00:00',0),(95,'sql server数据库','黄宇昆',132.3,1,'清华大学出版社',100,'00010002-3.jpg','sql server数据库','00010002','2012-06-18 00:00:00',0),(96,'sql server数据库','黄宇昆',132.3,1,'清华大学出版社',100,'00010002-4.jpg','sql server数据库','00010002','2012-06-18 00:00:00',0),(97,'数据库原理','黄宇昆',132.3,1,'清华大学出版社',100,'00010002-5.jpg','数据库原理','00010002','2012-06-18 00:00:00',0),(98,'数据库系统概论','黄宇昆',132.3,1,'清华大学出版社',100,'00010002-6.jpg','数据库系统概论','0001','2012-06-18 00:00:00',0),(99,'涂色画01','黄宇昆',132.3,1,'清华大学出版社',100,'00060002-1.jpg','涂色画01','00060002','2012-06-18 00:00:00',0),(100,'涂色画02','黄宇昆',132.3,1,'清华大学出版社',100,'00060002-2.jpg','涂色画02','00060002','2012-06-18 00:00:00',0),(101,'涂色画03','黄宇昆',132.3,1,'清华大学出版社',100,'00060002-3.jpg','涂色画03','00060002','2012-06-18 00:00:00',0),(102,'涂色画04','黄宇昆',132.3,1,'清华大学出版社',100,'00060002-4.jpg','涂色画04','00060002','2012-06-18 00:00:00',0),(103,'涂色画05','黄宇昆',132.3,1,'清华大学出版社',100,'00060002-5.jpg','涂色画05','00060002','2012-06-18 00:00:00',0),(104,'涂色画06','黄宇昆',132.3,1,'清华大学出版社',100,'00060002-6.jpg','涂色画06','00060002','2012-06-18 00:00:00',0),(105,'儿童科技教材','黄宇昆',132.3,1,'清华大学出版社',100,'00060001-1.jpg','儿童科技教材','00060001','2012-06-18 00:00:00',0),(106,'儿童科技教材','黄宇昆',132.3,1,'清华大学出版社',100,'00060001-2.jpg','儿童科技教材','00060001','2012-06-18 00:00:00',0),(107,'儿童科技教材','黄宇昆',132.3,1,'清华大学出版社',100,'00060001-3.jpg','儿童科技教材','00060001','2012-06-18 00:00:00',0),(108,'儿童科技教材','黄宇昆',132.3,1,'清华大学出版社',100,'00060001-4.jpg','儿童科技教材','00060001','2012-06-18 00:00:00',0),(109,'儿童科技教材','黄宇昆',132.3,1,'清华大学出版社',100,'00010001-5.jpg','儿童科技教材','00010001','2012-06-18 00:00:00',0),(110,'儿童科技教材','黄宇昆',132.3,1,'清华大学出版社',100,'00010001-6.jpg','儿童科技教材','00010001','2012-06-18 00:00:00',0),(111,'创业实战书籍','黄宇昆',132.3,1,'清华大学出版社',100,'00080004-1.jpg','创业实战书籍','00080004','2012-06-18 00:00:00',0),(112,'创业实战书籍','黄宇昆',132.3,1,'清华大学出版社',99,'00080004-2.jpg','创业实战书籍','00080004','2012-06-18 00:00:00',0),(113,'创业实战书籍','黄宇昆',132.3,1,'清华大学出版社',100,'00080004-3.jpg','创业实战书籍','00080004','2012-06-18 00:00:00',0),(114,'创业实战书籍','黄宇昆',132.3,1,'清华大学出版社',100,'00080004-4.jpg','创业实战书籍','00080004','2012-06-18 00:00:00',0),(115,'创业实战书籍','黄宇昆',132.3,1,'清华大学出版社',100,'00080004-5.jpg','创业实战书籍','00080004','2012-06-18 00:00:00',0),(116,'创业实战书籍','黄宇昆',132.3,1,'清华大学出版社',100,'00080004-6.jpg','创业实战书籍','00080004','2012-06-18 00:00:00',0),(117,'创业实战书籍','黄宇昆',132.3,1,'清华大学出版社',100,'00080004-7.jpg','创业实战书籍','00080004','2012-06-18 00:00:00',0),(118,'会计学习指南','黄宇昆',132.3,1,'清华大学出版社',100,'00080002-1.jpg','会计学习指南','00080002','2012-06-18 00:00:00',0),(119,'会计学习指南','黄宇昆',132.3,1,'清华大学出版社',100,'00080002-2.jpg','会计学习指南','00080002','2012-06-18 00:00:00',0),(120,'会计学习指南','黄宇昆',132.3,1,'清华大学出版社',100,'00080002-3.jpg','会计学习指南','00080002','2012-06-18 00:00:00',0),(121,'会计学习指南','黄宇昆',132.3,1,'清华大学出版社',100,'00080002-4.jpg','会计学习指南','00080002','2012-06-18 00:00:00',0),(122,'经济学','黄宇昆',132.3,1,'清华大学出版社',100,'00080001-1.jpg','经济学','00080004','2012-06-18 00:00:00',0),(123,'经济学','黄宇昆',132.3,1,'清华大学出版社',100,'00080001-2.jpg','经济学','00080001','2012-06-18 00:00:00',0),(124,'经济学','黄宇昆',132.3,1,'清华大学出版社',100,'00080001-3.jpg','经济学','00080001','2012-06-18 00:00:00',0),(125,'经济学','黄宇昆',132.3,1,'清华大学出版社',96,'00080001-4.jpg','经济学','00080001','2012-06-18 00:00:00',0),(126,'人力资源学习书籍','黄宇昆',132.3,1,'清华大学出版社',99,'00080003-1.jpg','人力资源学习书籍','00080003','2012-06-18 00:00:00',0),(127,'人力资源学习书籍','黄宇昆',132.3,1,'清华大学出版社',100,'00080003-2.jpg','人力资源学习书籍','00080003','2012-06-18 00:00:00',0),(128,'人力资源学习书籍','黄宇昆',132.3,1,'清华大学出版社',100,'00080003-3.jpg','人力资源学习书籍','00080003','2012-06-18 00:00:00',0),(129,'人力资源学习书籍','黄宇昆',132.3,1,'清华大学出版社',100,'00080003-4.jpg','人力资源学习书籍','00080003','2012-06-18 00:00:00',0),(130,'人力资源学习书籍','黄宇昆',132.3,1,'清华大学出版社',100,'00080003-5.jpg','人力资源学习书籍','00080003','2012-06-18 00:00:00',0),(131,'动漫书籍','黄宇昆',132.3,1,'清华大学出版社',100,'00040002-1.jpg','动漫书籍','00040002','2012-06-18 00:00:00',0),(132,'动漫书籍','黄宇昆',132.3,1,'清华大学出版社',100,'00040002-2.jpg','动漫书籍','00040002','2012-06-18 00:00:00',0),(133,'动漫书籍','黄宇昆',132.3,1,'清华大学出版社',100,'00040002-3.jpg','动漫书籍','00040002','2012-06-18 00:00:00',0),(134,'青春文学','黄宇昆',132.3,1,'清华大学出版社',100,'00040001-1.jpg','青春文学','00040001','2012-06-18 00:00:00',0),(135,'青春文学','黄宇昆',132.3,1,'清华大学出版社',100,'00040001-2.jpg','青春文学','00040001','2012-06-18 00:00:00',0),(136,'青春文学','黄宇昆',132.3,1,'清华大学出版社',100,'00040001-3.jpg','青春文学','00040001','2012-06-18 00:00:00',0),(137,'幽默学习书籍','黄宇昆',132.3,1,'清华大学出版社',100,'00040003-1.jpg','幽默学习书籍','00040003','2012-06-18 00:00:00',0),(138,'幽默学习书籍','黄宇昆',132.3,1,'清华大学出版社',100,'00040003-2.jpg','幽默学习书籍','00040003','2012-06-18 00:00:00',0),(139,'幽默学习书籍','黄宇昆',132.3,1,'清华大学出版社',100,'00040003-1.jpg','幽默学习书籍','00040003','2012-06-18 00:00:00',0),(140,'美食必备','黄宇昆',132.3,1,'清华大学出版社',100,'00070003-1.jpg','美食必备','00070003','2012-06-18 00:00:00',0),(141,'美食必备','黄宇昆',132.3,1,'清华大学出版社',100,'00070003-2.jpg','美食必备','00070003','2012-06-18 00:00:00',0),(142,'美食必备','黄宇昆',132.3,1,'清华大学出版社',100,'00070003-3.jpg','美食必备','00070003','2012-06-18 00:00:00',0),(143,'美食必备','黄宇昆',132.3,1,'清华大学出版社',100,'00070003-4.jpg','美食必备','00070003','2012-06-18 00:00:00',0),(144,'育儿指南','黄宇昆',132.3,1,'清华大学出版社',100,'00070001-1.jpg','育儿指南','00070001','2012-06-18 00:00:00',0),(145,'育儿指南','黄宇昆',132.3,1,'清华大学出版社',100,'00070001-2.jpg','育儿指南','00070001','2012-06-18 00:00:00',0),(146,'育儿指南','黄宇昆',132.3,1,'清华大学出版社',100,'00070001-3.jpg','育儿指南','00070001','2012-06-18 00:00:00',0),(147,'运动达人','黄宇昆',132.3,1,'清华大学出版社',100,'00070002-1.jpg','运动达人','00070002','2012-06-18 00:00:00',0),(148,'运动达人','黄宇昆',132.3,1,'清华大学出版社',100,'00070002-1.jpg','运动达人','00070002','2012-06-18 00:00:00',1),(149,'运动达人','黄宇昆',132.3,1,'清华大学出版社',100,'00070002-1.jpg','运动达人','00070002','2012-06-18 00:00:00',0),(150,'运动达人','黄宇昆',132.3,1,'清华大学出版社',100,'00070002-1.jpg','运动达人','00070002','2012-06-18 00:00:00',0),(151,'人物传记','黄宇昆',132.3,1,'清华大学出版社',100,'00030002-1.jpg','人物传记','00030002','2012-06-18 00:00:00',0),(152,'人物传记','黄宇昆',132.3,1,'清华大学出版社',100,'00030002-2.jpg','人物传记','00030002','2012-06-18 00:00:00',0),(153,'人物传记','黄宇昆',132.3,1,'清华大学出版社',100,'00030002-3.jpg','人物传记','00030002','2012-06-18 00:00:00',0),(154,'人物传记','黄宇昆',132.3,1,'清华大学出版社',100,'00030002-4.jpg','人物传记','00030002','2012-06-18 00:00:00',0),(155,'人物传记','黄宇昆',132.3,1,'清华大学出版社',100,'00030002-5.jpg','人物传记','00030002','2012-06-18 00:00:00',0),(156,'人物传记','黄宇昆',132.3,1,'清华大学出版社',100,'00030002-6.jpg','人物传记','00030002','2012-06-18 00:00:00',0),(157,'人物传记','黄宇昆',132.3,1,'清华大学出版社',100,'00030002-7.jpg','人物传记','00030002','2012-06-18 00:00:00',0),(158,'人物传记','黄宇昆',132.3,1,'清华大学出版社',100,'00030002-8.jpg','人物传记','00030002','2012-06-18 00:00:00',0),(159,'文学著作','黄宇昆',132.3,1,'清华大学出版社',100,'00030001-1.jpg','文学著作','00030001','2012-06-18 00:00:00',0),(160,'文学著作','黄宇昆',132.3,1,'清华大学出版社',100,'00030001-2.jpg','文学著作','00030001','2012-06-18 00:00:00',0),(161,'文学著作','黄宇昆',132.3,1,'清华大学出版社',100,'00030001-3.jpg','文学著作','00030001','2012-06-18 00:00:00',0),(162,'文学著作','黄宇昆',132.3,1,'清华大学出版社',100,'00030001-4.jpg','文学著作','00030001','2012-06-18 00:00:00',0),(163,'文学著作','黄宇昆',132.3,1,'清华大学出版社',100,'00030001-5.jpg','文学著作','00030001','2012-06-18 00:00:00',0),(164,'文学著作','黄宇昆',132.3,1,'清华大学出版社',100,'00030001-6.jpg','文学著作','00030001','2012-06-18 00:00:00',0),(165,'文学著作','黄宇昆',132.3,1,'清华大学出版社',100,'00030001-7.jpg','文学著作','00030001','2012-06-18 00:00:00',0),(166,'社会大哥大','黄宇昆',132.3,1,'清华大学出版社',100,'00020001-1.jpg','社会大哥大','00020001','2012-06-18 00:00:00',0),(167,'社会大哥大','黄宇昆',132.3,1,'清华大学出版社',100,'00020001-2.jpg','社会大哥大','00020001','2012-06-18 00:00:00',0),(168,'社会大哥大','黄宇昆',132.3,1,'清华大学出版社',100,'00020001-3.jpg','社会大哥大','0002','2012-06-18 00:00:00',0),(169,'悬疑神秘哈哈','黄宇昆',132.3,1,'清华大学出版社',100,'00020003-1.jpg','悬疑神秘哈哈','00020003','2012-06-18 00:00:00',0),(170,'悬疑神秘哈哈','黄宇昆',132.3,1,'清华大学出版社',100,'00020003-2.jpg','悬疑神秘哈哈','00020003','2012-06-18 00:00:00',0),(171,'悬疑神秘哈哈','黄宇昆',132.3,1,'清华大学出版社',100,'00020003-3.jpg','悬疑神秘哈哈','00020003','2012-06-18 00:00:00',0),(172,'言情','黄宇昆',132.3,1,'清华大学出版社',100,'00020002-1.jpg','言情','00020002','2012-06-18 00:00:00',0),(173,'言情','黄宇昆',132.3,1,'清华大学出版社',100,'00020002-2.jpg','言情','00020002','2012-06-18 00:00:00',0),(174,'言情','黄宇昆',132.3,1,'清华大学出版社',100,'00020002-3.jpg','言情','00020002','2012-06-18 00:00:00',0),(175,'学生教材','黄宇昆',132.3,1,'清华大学出版社',100,'00090001-1.jpg','学生教材','00090001','2012-06-18 00:00:00',0),(176,'学生教材','黄宇昆',132.3,1,'清华大学出版社',100,'00090001-2.jpg','学生教材','00090001','2012-06-18 00:00:00',0),(177,'学生教材','黄宇昆',132.3,1,'清华大学出版社',100,'00090001-3.jpg','学生教材','00090001','2012-06-18 00:00:00',0),(178,'学生教材','黄宇昆',132.3,1,'清华大学出版社',100,'00090001-4.jpg','学生教材','00090001','2012-06-18 00:00:00',0),(179,'学生教材','黄宇昆',132.3,1,'清华大学出版社',100,'00090001-5.jpg','学生教材','00090001','2012-06-18 00:00:00',0),(180,'考试必杀技','黄宇昆',132.3,1,'清华大学出版社',100,'00090003-1.jpg','考试必杀技','00090003','2012-06-18 00:00:00',0),(181,'考试必杀技','黄宇昆',132.3,1,'清华大学出版社',100,'00090003-2.jpg','考试必杀技','00090003','2012-06-18 00:00:00',0),(182,'考试必杀技','黄宇昆',132.3,1,'清华大学出版社',100,'00090003-3.jpg','考试必杀技','00090003','2012-06-18 00:00:00',0),(183,'考试必杀技','黄宇昆',132.3,1,'清华大学出版社',100,'00090003-4.jpg','考试必杀技','00090003','2012-06-18 00:00:00',0),(184,'考试必杀技','黄宇昆',132.3,1,'清华大学出版社',100,'00090003-5.jpg','考试必杀技','00090003','2012-06-18 00:00:00',0),(185,'考试必杀技','黄宇昆',132.3,1,'清华大学出版社',100,'00090003-6.jpg','考试必杀技','00090003','2012-06-18 00:00:00',0),(186,'一起学外语','黄宇昆',132.3,1,'清华大学出版社',100,'00090002-1.jpg','一起学外语','00090002','2012-06-18 00:00:00',0),(187,'一起学外语','黄宇昆',132.3,1,'清华大学出版社',100,'00090002-2.jpg','一起学外语','00090002','2012-06-18 00:00:00',0),(188,'一起学外语','黄宇昆',132.3,1,'清华大学出版社',100,'00090002-3.jpg','一起学外语','00090002','2012-06-18 00:00:00',0),(189,'一起学外语','黄宇昆',132.3,1,'清华大学出版社',100,'00090002-4.jpg','一起学外语','00090002','2012-06-18 00:00:00',0),(190,'一起学外语','黄宇昆',132.3,1,'清华大学出版社',100,'00090002-5.jpg','一起学外语','00090002','2012-06-18 00:00:00',0),(191,'一起学外语','黄宇昆',132.3,1,'清华大学出版社',100,'00090002-6.jpg','一起学外语','00090002','2012-06-18 00:00:00',0),(192,'中小学教辅','黄宇昆',132.3,1,'清华大学出版社',100,'00090004-1.jpg','中小学教辅','00090004','2012-06-18 00:00:00',0),(193,'中小学教辅','黄宇昆',132.3,1,'清华大学出版社',100,'00090004-2.jpg','中小学教辅','00090004','2012-06-18 00:00:00',0),(194,'中小学教辅','黄宇昆',132.3,1,'清华大学出版社',100,'00090004-3.jpg','中小学教辅','00090004','2012-06-18 00:00:00',0),(195,'中小学教辅','黄宇昆',132.3,1,'清华大学出版社',100,'00090004-4.jpg','中小学教辅','00090004','2012-06-18 00:00:00',0),(196,'职场大哥大','黄宇昆',132.3,1,'清华大学出版社',100,'00050003-1.jpg','职场大哥大','00050003','2012-06-18 00:00:00',0),(197,'职场大哥大','黄宇昆',132.3,1,'清华大学出版社',100,'00050003-2.jpg','职场大哥大','00050003','2012-06-18 00:00:00',0),(198,'职场大哥大','黄宇昆',132.3,1,'清华大学出版社',100,'00050003-3.jpg','职场大哥大','00050003','2012-06-18 00:00:00',0),(199,'职场大哥大','黄宇昆',132.3,1,'清华大学出版社',100,'00050003-4.jpg','职场大哥大','00050003','2012-06-18 00:00:00',0),(200,'修养','黄宇昆',132.3,1,'清华大学出版社',100,'00050001-1.jpg','修养','0005','2012-06-18 00:00:00',0),(201,'修养','黄宇昆',132.3,1,'清华大学出版社',100,'00050001-2.jpg','修养','00050001','2012-06-18 00:00:00',0),(202,'修养','黄宇昆',132.3,1,'清华大学出版社',100,'00050001-3.jpg','修养','00050001','2012-06-18 00:00:00',0),(203,'沟通技巧','黄宇昆',132.3,1,'清华大学出版社',100,'00050004-1.jpg','沟通技巧','00050004','2012-06-18 00:00:00',0),(204,'沟通技巧','黄宇昆',132.3,1,'清华大学出版社',100,'00050004-2.jpg','沟通技巧','00050004','2012-06-18 00:00:00',0),(205,'沟通技巧','黄宇昆',132.3,1,'清华大学出版社',100,'00050004-3.jpg','沟通技巧','00050004','2012-06-18 00:00:00',0),(206,'成功的男人','黄宇昆',132.3,1,'清华大学出版社',100,'00050002-1.jpg','成功的男人','00050002','2012-06-18 00:00:00',0),(207,'成功的男人','黄宇昆',132.3,1,'清华大学出版社',100,'00050002-2.jpg','成功的男人','00050002','2012-06-18 00:00:00',0),(208,'成功的男人','黄宇昆',132.3,1,'清华大学出版社',100,'00050002-3.jpg','成功的男人','00050002','2012-06-18 00:00:00',0),(209,'成功的男人','黄宇昆',132.3,1,'清华大学出版社',100,'00050002-4.jpg','成功的男人','00050002','2012-06-18 00:00:00',0),(210,'成功的男人','黄宇昆',132.3,1,'清华大学出版社',100,'00050002-5.jpg','成功的男人','00050002','2012-06-18 00:00:00',0),(211,'成功的男人','黄宇昆',132.3,1,'清华大学出版社',100,'00050002-6.jpg','成功的男人','00050002','2012-06-18 00:00:00',0),(212,'涂色画01','黄宇昆',132.3,1,'清华大学出版社',100,'00060002-1.jpg','涂色画01','00060002','2012-06-18 00:00:00',0),(213,'涂色画02','黄宇昆',132.3,1,'清华大学出版社',100,'00060002-2.jpg','涂色画02','00060002','2012-06-18 00:00:00',0),(214,'涂色画03','黄宇昆',132.3,1,'清华大学出版社',100,'00060002-3.jpg','涂色画03','00060002','2012-06-18 00:00:00',0),(215,'涂色画04','黄宇昆',132.3,1,'清华大学出版社',100,'00060002-4.jpg','涂色画04','00060002','2012-06-18 00:00:00',0),(216,'涂色画05','黄宇昆',132.3,1,'清华大学出版社',100,'00060002-5.jpg','涂色画05','00060002','2012-06-18 00:00:00',0),(217,'涂色画06','黄宇昆',132.3,1,'清华大学出版社',100,'00060002-6.jpg','涂色画06','00060002','2012-06-18 00:00:00',0),(218,'儿童科技教材','黄宇昆',132.3,1,'清华大学出版社',100,'00060001-1.jpg','儿童科技教材','00060001','2012-06-18 00:00:00',0),(219,'儿童科技教材','黄宇昆',132.3,1,'清华大学出版社',100,'00060001-2.jpg','儿童科技教材','00060001','2012-06-18 00:00:00',0),(220,'儿童科技教材','黄宇昆',132.3,1,'清华大学出版社',100,'00060001-3.jpg','儿童科技教材','00060001','2012-06-18 00:00:00',0),(221,'儿童科技教材','黄宇昆',132.3,1,'清华大学出版社',100,'00060001-4.jpg','儿童科技教材','00060001','2012-06-18 00:00:00',0),(222,'儿童科技教材','黄宇昆',132.3,1,'清华大学出版社',97,'00010001-5.jpg','儿童科技教材','00010001','2012-06-18 00:00:00',0),(223,'儿童科技教材','黄宇昆',132.3,1,'清华大学出版社',100,'00010001-6.jpg','儿童科技教材','00010001','2012-06-18 00:00:00',0),(224,'创业实战书籍','黄宇昆',132.3,1,'清华大学出版社',100,'00080004-1.jpg','创业实战书籍','00080004','2012-06-18 00:00:00',0),(225,'创业实战书籍','黄宇昆',132.3,1,'清华大学出版社',100,'00080004-2.jpg','创业实战书籍','00080004','2012-06-18 00:00:00',0),(226,'创业实战书籍','黄宇昆',132.3,1,'清华大学出版社',100,'00080004-3.jpg','创业实战书籍','00080004','2012-06-18 00:00:00',0),(227,'创业实战书籍','黄宇昆',132.3,1,'清华大学出版社',100,'00080004-4.jpg','创业实战书籍','00080004','2012-06-18 00:00:00',0),(228,'创业实战书籍','黄宇昆',132.3,1,'清华大学出版社',100,'00080004-5.jpg','创业实战书籍','00080004','2012-06-18 00:00:00',0),(229,'创业实战书籍','黄宇昆',132.3,1,'清华大学出版社',100,'00080004-6.jpg','创业实战书籍','00080004','2012-06-18 00:00:00',0),(230,'创业实战书籍','黄宇昆',132.3,1,'清华大学出版社',100,'00080004-7.jpg','创业实战书籍','00080004','2012-06-18 00:00:00',0),(231,'会计学习指南','黄宇昆',132.3,1,'清华大学出版社',100,'00080002-1.jpg','会计学习指南','00080002','2012-06-18 00:00:00',0),(232,'会计学习指南','黄宇昆',132.3,1,'清华大学出版社',100,'00080002-2.jpg','会计学习指南','00080002','2012-06-18 00:00:00',0),(233,'会计学习指南','黄宇昆',132.3,1,'清华大学出版社',100,'00080002-3.jpg','会计学习指南','00080002','2012-06-18 00:00:00',0),(234,'会计学习指南','黄宇昆',132.3,1,'清华大学出版社',100,'00080002-4.jpg','会计学习指南','00080002','2012-06-18 00:00:00',0),(235,'经济学','黄宇昆',132.3,1,'清华大学出版社',100,'00080001-1.jpg','经济学','00080001','2012-06-18 00:00:00',0),(236,'经济学','黄宇昆',132.3,1,'清华大学出版社',100,'00080001-1.jpg','经济学','00080001','2012-06-18 00:00:00',0),(237,'经济学','黄宇昆',132.3,1,'清华大学出版社',100,'00080001-1.jpg','经济学','00080001','2012-06-18 00:00:00',0),(238,'经济学','黄宇昆',132.3,1,'清华大学出版社',100,'00080001-1.jpg','经济学','00080001','2012-06-18 00:00:00',0),(239,'人力资源学习书籍','黄宇昆',132.3,1,'清华大学出版社',100,'00080003-1.jpg','人力资源学习书籍','00080003','2012-06-18 00:00:00',0),(240,'人力资源学习书籍','黄宇昆',132.3,1,'清华大学出版社',100,'00080003-2.jpg','人力资源学习书籍','00080003','2012-06-18 00:00:00',0),(241,'人力资源学习书籍','黄宇昆',132.3,1,'清华大学出版社',100,'00080003-3.jpg','人力资源学习书籍','00080003','2012-06-18 00:00:00',0),(242,'人力资源学习书籍','黄宇昆',132.3,1,'清华大学出版社',100,'00080003-4.jpg','人力资源学习书籍','00080003','2012-06-18 00:00:00',0),(243,'人力资源学习书籍','黄宇昆',132.3,1,'清华大学出版社',100,'00080003-5.jpg','人力资源学习书籍','00080003','2012-06-18 00:00:00',0),(244,'动漫书籍','黄宇昆',132.3,1,'清华大学出版社',100,'00040002-1.jpg','动漫书籍','00040002','2012-06-18 00:00:00',0),(245,'动漫书籍','黄宇昆',132.3,1,'清华大学出版社',100,'00040002-2.jpg','动漫书籍','00040002','2012-06-18 00:00:00',0),(246,'动漫书籍','黄宇昆',132.3,1,'清华大学出版社',100,'00040002-3.jpg','动漫书籍','00040002','2012-06-18 00:00:00',0),(247,'青春文学','黄宇昆',132.3,1,'清华大学出版社',100,'00040001-1.jpg','青春文学','00040001','2012-06-18 00:00:00',0),(248,'青春文学','黄宇昆',132.3,1,'清华大学出版社',100,'00040001-2.jpg','青春文学','00040001','2012-06-18 00:00:00',0),(249,'青春文学','黄宇昆',132.3,1,'清华大学出版社',100,'00040001-3.jpg','青春文学','00040001','2012-06-18 00:00:00',0),(250,'幽默学习书籍','黄宇昆',132.3,1,'清华大学出版社',100,'00040003-1.jpg','幽默学习书籍','00040003','2012-06-18 00:00:00',0),(251,'幽默学习书籍','黄宇昆',132.3,1,'清华大学出版社',100,'00040003-2.jpg','幽默学习书籍','00040003','2012-06-18 00:00:00',0),(252,'幽默学习书籍','黄宇昆',132.3,1,'清华大学出版社',100,'00040003-1.jpg','幽默学习书籍','00040003','2012-06-18 00:00:00',0),(253,'美食必备','黄宇昆',132.3,1,'清华大学出版社',100,'00070003-1.jpg','美食必备','00070003','2012-06-18 00:00:00',0),(254,'美食必备','黄宇昆',132.3,1,'清华大学出版社',100,'00070003-2.jpg','美食必备','00070003','2012-06-18 00:00:00',0),(255,'美食必备','黄宇昆',132.3,1,'清华大学出版社',100,'00070003-3.jpg','美食必备','00070003','2012-06-18 00:00:00',0),(256,'美食必备','黄宇昆',132.3,1,'清华大学出版社',100,'00070003-4.jpg','美食必备','00070003','2012-06-18 00:00:00',0),(257,'育儿指南','黄宇昆',132.3,1,'清华大学出版社',100,'00070001-1.jpg','育儿指南','00070001','2012-06-18 00:00:00',0),(258,'育儿指南','黄宇昆',132.3,1,'清华大学出版社',100,'00070001-2.jpg','育儿指南','00070001','2012-06-18 00:00:00',1),(259,'育儿指南','黄宇昆',132.3,1,'清华大学出版社',100,'00070001-3.jpg','育儿指南','00070001','2012-06-18 00:00:00',0),(260,'运动达人','黄宇昆',132.3,1,'清华大学出版社',100,'00070002-1.jpg','运动达人','00070002','2012-06-18 00:00:00',0),(261,'运动达人','黄宇昆',132.3,1,'清华大学出版社',100,'00070002-1.jpg','运动达人','00070002','2012-06-18 00:00:00',0),(262,'运动达人','黄宇昆',132.3,1,'清华大学出版社',100,'00070002-1.jpg','运动达人','00070002','2012-06-18 00:00:00',0),(263,'运动达人','黄宇昆',132.3,1,'清华大学出版社',100,'00070002-1.jpg','运动达人','00070002','2012-06-18 00:00:00',0),(264,'人物传记','黄宇昆',132.3,1,'清华大学出版社',100,'00030002-1.jpg','人物传记','00030002','2012-06-18 00:00:00',0),(265,'人物传记','黄宇昆',132.3,1,'清华大学出版社',100,'00030002-2.jpg','人物传记','00030002','2012-06-18 00:00:00',0),(266,'人物传记','黄宇昆',132.3,1,'清华大学出版社',100,'00030002-3.jpg','人物传记','00030002','2012-06-18 00:00:00',0),(267,'人物传记','黄宇昆',132.3,1,'清华大学出版社',100,'00030002-4.jpg','人物传记','00030002','2012-06-18 00:00:00',0),(268,'人物传记','黄宇昆',132.3,1,'清华大学出版社',100,'00030002-5.jpg','人物传记','00030002','2012-06-18 00:00:00',0),(269,'人物传记','黄宇昆',132.3,1,'清华大学出版社',100,'00030002-6.jpg','人物传记','00030002','2012-06-18 00:00:00',0),(270,'人物传记','黄宇昆',132.3,1,'清华大学出版社',100,'00030002-7.jpg','人物传记','00030002','2012-06-18 00:00:00',0),(271,'人物传记','黄宇昆',132.3,1,'清华大学出版社',100,'00030002-8.jpg','人物传记','00030002','2012-06-18 00:00:00',0),(272,'文学著作','黄宇昆',132.3,1,'清华大学出版社',100,'00030001-1.jpg','文学著作','00030001','2012-06-18 00:00:00',0),(273,'文学著作','黄宇昆',132.3,1,'清华大学出版社',100,'00030001-2.jpg','文学著作','00030001','2012-06-18 00:00:00',0),(274,'文学著作','黄宇昆',132.3,1,'清华大学出版社',100,'00030001-3.jpg','文学著作','00030001','2012-06-18 00:00:00',0),(275,'文学著作','黄宇昆',132.3,1,'清华大学出版社',100,'00030001-4.jpg','文学著作','00030001','2012-06-18 00:00:00',0),(276,'文学著作','黄宇昆',132.3,1,'清华大学出版社',100,'00030001-5.jpg','文学著作','00030001','2012-06-18 00:00:00',0),(277,'文学著作','黄宇昆',132.3,1,'清华大学出版社',100,'00030001-6.jpg','文学著作','00030001','2012-06-18 00:00:00',0),(278,'文学著作','黄宇昆',132.3,1,'清华大学出版社',100,'00030001-7.jpg','文学著作','00030001','2012-06-18 00:00:00',0),(279,'社会大哥大','黄宇昆',132.3,1,'清华大学出版社',100,'00020001-1.jpg','社会大哥大','00020001','2012-06-18 00:00:00',0),(280,'社会大哥大','黄宇昆',132.3,1,'清华大学出版社',100,'00020001-2.jpg','社会大哥大','00020001','2012-06-18 00:00:00',0),(281,'社会大哥大','黄宇昆',132.3,1,'清华大学出版社',100,'00020001-3.jpg','社会大哥大','00020001','2012-06-18 00:00:00',0),(282,'悬疑神秘哈哈','黄宇昆',132.3,1,'清华大学出版社',100,'00020003-1.jpg','悬疑神秘哈哈','00020003','2012-06-18 00:00:00',0),(283,'悬疑神秘哈哈','黄宇昆',132.3,1,'清华大学出版社',100,'00020003-2.jpg','悬疑神秘哈哈','00020003','2012-06-18 00:00:00',0),(284,'悬疑神秘哈哈','黄宇昆',132.3,1,'清华大学出版社',100,'00020003-3.jpg','悬疑神秘哈哈','00020003','2012-06-18 00:00:00',0),(285,'言情','黄宇昆',132.3,1,'清华大学出版社',100,'00020002-1.jpg','言情','00020002','2012-06-18 00:00:00',0),(286,'言情','黄宇昆',132.3,1,'清华大学出版社',100,'00020002-2.jpg','言情','00020002','2012-06-18 00:00:00',0),(287,'言情','黄宇昆',132.3,1,'清华大学出版社',100,'00020002-3.jpg','言情','00020002','2012-06-18 00:00:00',0),(288,'学生教材','黄宇昆',132.3,1,'清华大学出版社',100,'00090001-1.jpg','学生教材','00090001','2012-06-18 00:00:00',0),(289,'学生教材','黄宇昆',132.3,1,'清华大学出版社',100,'00090001-2.jpg','学生教材','00090001','2012-06-18 00:00:00',0),(290,'学生教材','黄宇昆',132.3,1,'清华大学出版社',100,'00090001-3.jpg','学生教材','00090001','2012-06-18 00:00:00',0),(291,'学生教材','黄宇昆',132.3,1,'清华大学出版社',100,'00090001-4.jpg','学生教材','00090001','2012-06-18 00:00:00',0),(292,'学生教材','黄宇昆',132.3,1,'清华大学出版社',100,'00090001-5.jpg','学生教材','00090001','2012-06-18 00:00:00',0),(293,'考试必杀技','黄宇昆',132.3,1,'清华大学出版社',100,'00090001-1.jpg','考试必杀技','00090001','2012-06-18 00:00:00',0),(294,'考试必杀技','黄宇昆',132.3,1,'清华大学出版社',100,'00090001-2.jpg','考试必杀技','00090001','2012-06-18 00:00:00',0),(295,'考试必杀技','黄宇昆',132.3,1,'清华大学出版社',100,'00090001-3.jpg','考试必杀技','00090001','2012-06-18 00:00:00',0),(296,'考试必杀技','黄宇昆',132.3,1,'清华大学出版社',100,'00090001-4.jpg','考试必杀技','00090001','2012-06-18 00:00:00',0),(297,'考试必杀技','黄宇昆',132.3,1,'清华大学出版社',100,'00090001-5.jpg','考试必杀技','00090001','2012-06-18 00:00:00',0),(298,'考试必杀技','黄宇昆',132.3,1,'清华大学出版社',100,'00090001-6.jpg','考试必杀技','00090001','2012-06-18 00:00:00',0),(299,'一起学外语','黄宇昆',132.3,1,'清华大学出版社',100,'00090001-1.jpg','一起学外语','00090001','2012-06-18 00:00:00',0),(300,'一起学外语','黄宇昆',132.3,1,'清华大学出版社',100,'00090001-2.jpg','一起学外语','00090001','2012-06-18 00:00:00',0),(301,'一起学外语','黄宇昆',132.3,1,'清华大学出版社',100,'00090001-3.jpg','一起学外语','00090001','2012-06-18 00:00:00',0),(302,'一起学外语','黄宇昆',132.3,1,'清华大学出版社',100,'00090001-4.jpg','一起学外语','00090001','2012-06-18 00:00:00',0),(303,'一起学外语','黄宇昆',132.3,1,'清华大学出版社',100,'00090001-5.jpg','一起学外语','00090001','2012-06-18 00:00:00',0),(304,'一起学外语','黄宇昆',132.3,1,'清华大学出版社',100,'00090001-6.jpg','一起学外语','00090001','2012-06-18 00:00:00',0),(305,'中小学教辅','黄宇昆',132.3,1,'清华大学出版社',100,'00090001-1.jpg','中小学教辅','00090001','2012-06-18 00:00:00',0),(306,'中小学教辅','黄宇昆',132.3,1,'清华大学出版社',100,'00090001-2.jpg','中小学教辅','00090001','2012-06-18 00:00:00',0),(307,'中小学教辅','黄宇昆',132.3,1,'清华大学出版社',100,'00090001-3.jpg','中小学教辅','00090001','2012-06-18 00:00:00',0),(308,'中小学教辅','黄宇昆',132.3,1,'清华大学出版社',100,'00090001-4.jpg','中小学教辅','00090001','2012-06-18 00:00:00',0),(309,'职场大哥大','黄宇昆',132.3,1,'清华大学出版社',100,'00090001-1.jpg','职场大哥大','00050003','2012-06-18 00:00:00',0),(310,'职场大哥大','黄宇昆',132.3,1,'清华大学出版社',100,'00090001-2.jpg','职场大哥大','00050003','2012-06-18 00:00:00',0),(311,'职场大哥大','黄宇昆',132.3,1,'清华大学出版社',100,'00090001-3.jpg','职场大哥大','00050003','2012-06-18 00:00:00',0),(312,'职场大哥大','黄宇昆',132.3,1,'清华大学出版社',100,'00090001-4.jpg','职场大哥大','00050003','2012-06-18 00:00:00',0),(313,'修养','黄宇昆',132.3,1,'清华大学出版社',100,'00090001-1.jpg','修养','00050003','2012-06-18 00:00:00',0),(314,'修养','黄宇昆',132.3,1,'清华大学出版社',100,'00090001-2.jpg','修养','00050003','2012-06-18 00:00:00',0),(315,'修养','黄宇昆',132.3,1,'清华大学出版社',100,'00090001-3.jpg','修养','00050003','2012-06-18 00:00:00',0),(316,'沟通技巧','黄宇昆',132.3,1,'清华大学出版社',100,'00090001-4.jpg','沟通技巧','00050003','2012-06-18 00:00:00',0),(317,'沟通技巧','黄宇昆',132.3,1,'清华大学出版社',100,'00090001-5.jpg','沟通技巧','00050003','2012-06-18 00:00:00',0),(318,'沟通技巧','黄宇昆',132.3,1,'清华大学出版社',100,'00090001-6.jpg','沟通技巧','00050003','2012-06-18 00:00:00',0),(319,'成功的男人','黄宇昆',132.3,1,'清华大学出版社',100,'00090001-1.jpg','成功的男人','00050003','2012-06-18 00:00:00',0),(320,'成功的男人','黄宇昆',132.3,1,'清华大学出版社',100,'00090001-2.jpg','成功的男人','00050003','2012-06-18 00:00:00',0),(321,'成功的男人','黄宇昆',132.3,1,'清华大学出版社',100,'00090001-3.jpg','成功的男人','00050003','2012-06-18 00:00:00',0),(322,'成功的男人','黄宇昆',132.3,1,'清华大学出版社',100,'00090001-4.jpg','成功的男人','00050003','2012-06-18 00:00:00',0),(323,'成功的男人','黄宇昆',132.3,1,'清华大学出版社',100,'00090001-5.jpg','成功的男人','00050003','2012-06-18 00:00:00',0),(324,'成功的男人','黄宇昆',132.3,1,'清华大学出版社',98,'00090001-6.jpg','成功的男人','00050003','2012-06-18 00:00:00',0),(325,'成功的男人','黄宇昆',132.3,1,'清华大学出版社',100,'00090001-6.jpg','成功的男人','00050003','2012-06-18 00:00:00',0),(326,'python','黄宇昆',0.99,1,'人民文学出版社',50,'fd94351299514889a49539c46c1aaa29.jpg','这是《有些事现在不做，一辈子都不会做了》系列书中的第四本。这本书的主题是“要工作，也要生活”，以职场为切。作者提倡“只要去做，生活就会改变”，以积极的态度，鼓励读者，从工作中的小事始，去做一件又一件的小事，生活的质量就改变了，工作效率就提高了。 　　本书稿延续前三本书一贯积极、鼓励的风格，为读者怎样处理工作和生活提供一些建议，告诉读者一些平时想不到或者想到了却一直没有去做到的工作和生活中的事情，并且告诉读者怎么去做或者怎么可以做到。','00050004','2020-04-10 18:10:21',0),(327,'Java程序设计','黄宇昆',100.9,1,'北京大学出版社',30,'bd92c04945b04d16a2e7aa1d0db8aeef.jpg','这是《有些事现在不做，一辈子都不会做了》系列书中的第四本。这本书的主题是“要工作，也要生活”，以职场为切。作者提倡“只要去做，生活就会改变”，以积极的态度，鼓励读者，从工作中的小事始，去做一件又一件的小事，生活的质量就改变了，工作效率就提高了。 　　本书稿延续前三本书一贯积极、鼓励的风格，为读者怎样处理工作和生活提供一些建议，告诉读者一些平时想不到或者想到了却一直没有去做到的工作和生活中的事情，并且告诉读者怎么去做或者怎么可以做到。','00070002','2020-04-10 18:14:48',0),(328,'python','黄宇昆',100,0.8,'人民文学出版社',47,'cd28030dd0334d53bb7103d4e2e2ae3a.jpg','这是《有些事现在不做，一辈子都不会做了》系列书中的第四本。这本书的主题是“要工作，也要生活”，以职场为切。作者提倡“只要去做，生活就会改变”，以积极的态度，鼓励读者，从工作中的小事始，去做一件又一件的小事，生活的质量就改变了，工作效率就提高了。 　　本书稿延续前三本书一贯积极、鼓励的风格，为读者怎样处理工作和生活提供一些建议，告诉读者一些平时想不到或者想到了却一直没有去做到的工作和生活中的事情，并且告诉读者怎么去做或者怎么可以做到。','00010001','2020-04-10 18:16:58',0),(329,'恶意','黄宇昆',200,0.8,'北京大学出版社',30,'eb9ec7c478b74a46b3596ee94c638da5.png','畅销作家在出国前一晚被杀，警方很快锁定了凶手。此人供认自己是一时冲动犯下了罪行。案子到此已经可以了结。可办案的加贺警官并不这么认为，因为他找不到凶手作案的动机，凶手也一直对动机避而不谈。加贺不愿草草结案，大量走访。渐渐显露的真相让他感到冰冷的寒意——\r\n\r\n“你心里藏着对他的恶意，这仇恨深不见底，深得连你自己都无法解释。正是它导致了这起案件。这股恶意到底从何而起呢？我非常仔细地调查过，却实在找不出任何合乎逻辑的理由。这是怎样的一种心态啊！就算被捕也不怕，即使赌上自己的人生，也要达成目的。这真是惊人的想法，简直前所未闻。”','00010001','2020-04-14 10:48:24',0),(330,'python','黄宇昆',0.99,0.8,'人民文学出版社',50,'3c4bae6ed1e545ad97c5242ede950059.png','畅销作家在出国前一晚被杀，警方很快锁定了凶手。此人供认自己是一时冲动犯下了罪行。案子到此已经可以了结。可办案的加贺警官并不这么认为，因为他找不到凶手作案的动机，凶手也一直对动机避而不谈。加贺不愿草草结案，大量走访。渐渐显露的真相让他感到冰冷的寒意——\r\n\r\n“你心里藏着对他的恶意，这仇恨深不见底，深得连你自己都无法解释。正是它导致了这起案件。这股恶意到底从何而起呢？我非常仔细地调查过，却实在找不出任何合乎逻辑的理由。这是怎样的一种心态啊！就算被捕也不怕，即使赌上自己的人生，也要达成目的。这真是惊人的想法，简直前所未闻。”','00010001','2020-04-14 10:49:48',0),(331,'数据结构','黄宇昆',0.99,0.8,'人民文学出版社',50,'b5ee6b117e1d45a1943bdae47d7d1ab1.png','畅销作家在出国前一晚被杀，警方很快锁定了凶手。此人供认自己是一时冲动犯下了罪行。案子到此已经可以了结。可办案的加贺警官并不这么认为，因为他找不到凶手作案的动机，凶手也一直对动机避而不谈。加贺不愿草草结案，大量走访。渐渐显露的真相让他感到冰冷的寒意——\r\n\r\n“你心里藏着对他的恶意，这仇恨深不见底，深得连你自己都无法解释。正是它导致了这起案件。这股恶意到底从何而起呢？我非常仔细地调查过，却实在找不出任何合乎逻辑的理由。这是怎样的一种心态啊！就算被捕也不怕，即使赌上自己的人生，也要达成目的。这真是惊人的想法，简直前所未闻。”','00010001','2020-04-14 10:50:58',0),(332,'python','黄宇昆',0.99,0.8,'人民文学出版社',50,'3b1a15827cca4e4193b0bae793da9505.png','畅销作家在出国前一晚被杀，警方很快锁定了凶手。此人供认自己是一时冲动犯下了罪行。案子到此已经可以了结。可办案的加贺警官并不这么认为，因为他找不到凶手作案的动机，凶手也一直对动机避而不谈。加贺不愿草草结案，大量走访。渐渐显露的真相让他感到冰冷的寒意——\r\n\r\n“你心里藏着对他的恶意，这仇恨深不见底，深得连你自己都无法解释。正是它导致了这起案件。这股恶意到底从何而起呢？我非常仔细地调查过，却实在找不出任何合乎逻辑的理由。这是怎样的一种心态啊！就算被捕也不怕，即使赌上自己的人生，也要达成目的。这真是惊人的想法，简直前所未闻。”','00010001','2020-04-14 10:54:18',0),(333,'编程基础','黄宇昆',0.99,0.8,'人民文学出版社',50,'1273024ad04147349d1ebfea9d43ad33.jpg','编程基础','00070001','2020-04-14 19:40:36',0),(334,'asda','黄宇昆',0.99,0.8,'人民文学出版社',50,'807568289e9a409f839d9591e4fa9056.jpg','adsa','00040001','2020-04-15 20:18:08',0),(335,'python-dd','黄宇昆',3.22,0.8,'人民文学出版社',50,'9f7d9649b91f47b79a6c564edee106f5.jpg','111','00010001','2020-04-26 16:19:09',0),(336,'传奇教师黄宇昆','黄宇昆',100000000,1,'清华大学出版社',1,'1e1dc7ce8c6344eabf5c5533b109376b.jpg','传奇教师黄宇昆!!!!!!!!!!!!!!!!!!!!!!!!!!!!!!!!!!!!!!!!!!!!!!!!!!!!!!!!!!!!!!!!!!!!!!','00010001','2020-04-27 15:14:05',0),(337,'C#','黄宇昆',200,0.8,'人民文学出版社',36,'a71b48ecd35241328c61b4becb88f68c.png','123','00010001','2020-05-04 23:06:03',0),(338,'python','黄宇昆',99,0.8,'人民文学出版社',50,'5a7441dc3ce84418a25e74d6ac0ee316.jpg','123','00010006','2020-05-16 17:04:15',0),(339,'Hello World','黄宇昆',101,0.8,'北京大学出版社',50,'9e5d7bd779614a7e81ebb9a3e93153c7.png','Hello World','00010001','2020-05-23 00:13:20',0);

/*Table structure for table `shopcar` */

DROP TABLE IF EXISTS `shopcar`;

CREATE TABLE `shopcar` (
  `buynum` int(11) NOT NULL,
  `user_id` int(11) NOT NULL,
  `product_id` int(11) NOT NULL,
  PRIMARY KEY (`user_id`,`product_id`),
  KEY `FKaj47ay0hg8pf56yaigcbc7evw` (`product_id`),
  CONSTRAINT `FKaj47ay0hg8pf56yaigcbc7evw` FOREIGN KEY (`product_id`) REFERENCES `product` (`ID`),
  CONSTRAINT `FKdb54j9mwt0n6ausgqdnqc1p6j` FOREIGN KEY (`user_id`) REFERENCES `user` (`ID`),
  CONSTRAINT `FKt4ugg002xoej43tnasie0012n` FOREIGN KEY (`user_id`) REFERENCES `user` (`ID`)
) ENGINE=InnoDB DEFAULT CHARSET=utf8;

/*Data for the table `shopcar` */

insert  into `shopcar`(`buynum`,`user_id`,`product_id`) values (11,1,76),(63,3,77),(3,3,80),(1,30,77),(1,32,78),(1,34,77),(3,56,79),(2,66,77),(13,66,86);

/*Table structure for table `tb_order` */

DROP TABLE IF EXISTS `tb_order`;

CREATE TABLE `tb_order` (
  `ID` int(11) NOT NULL AUTO_INCREMENT,
  `ORDER_CODE` varchar(20) DEFAULT NULL,
  `CREATE_DATE` datetime DEFAULT NULL,
  `SEND_DATE` datetime DEFAULT NULL,
  `STATUS` int(1) DEFAULT '0',
  `AMOUNT` double DEFAULT NULL,
  `USER_ID` int(11) DEFAULT NULL,
  `PAY_STATUS` int(1) DEFAULT '0',
  `RECEIVE_STATUS` int(1) DEFAULT '0' COMMENT '0 : 未收到 1 : 收到',
  PRIMARY KEY (`ID`),
  UNIQUE KEY `ORDER_CODE` (`ORDER_CODE`),
  KEY `FK_USER_ORDER` (`USER_ID`),
  CONSTRAINT `FK_USER_ORDER` FOREIGN KEY (`USER_ID`) REFERENCES `user` (`ID`)
) ENGINE=InnoDB AUTO_INCREMENT=164 DEFAULT CHARSET=utf8;

/*Data for the table `tb_order` */

insert  into `tb_order`(`ID`,`ORDER_CODE`,`CREATE_DATE`,`SEND_DATE`,`STATUS`,`AMOUNT`,`USER_ID`,`PAY_STATUS`,`RECEIVE_STATUS`) values (47,'PO-2020040811411620','2020-04-08 11:41:17','2020-04-15 10:08:49',1,132.3,20,1,1),(48,'PO-2020040821195920','2020-04-08 21:20:00','2020-04-15 11:39:28',1,6350.4,20,1,1),(49,'PO-2020040821370120','2020-04-08 21:37:02','2020-04-15 13:06:10',1,6482.7,20,1,1),(52,'PO-2020040914562021','2020-04-09 14:56:20','2020-04-26 18:16:00',1,132.3,21,1,0),(54,'PO-2020041015255630','2020-04-10 15:25:56',NULL,0,661.5,30,0,0),(57,'PO-2020041117124820','2020-04-11 17:12:49',NULL,0,264.6,20,1,0),(58,'PO-2020041117132520','2020-04-11 17:13:25','2020-04-23 16:05:12',1,132.3,20,1,1),(59,'PO-2020041117495120','2020-04-11 17:49:51',NULL,0,396.9,20,1,0),(60,'PO-2020041119463120','2020-04-11 19:46:31',NULL,0,132.3,20,1,0),(61,'PO-2020041119483120','2020-04-11 19:48:32','2020-04-23 15:12:10',1,132.3,20,1,1),(62,'PO-2020041119502920','2020-04-11 19:50:29','2020-04-23 15:20:41',1,132.3,20,1,1),(63,'PO-2020041119541720','2020-04-11 19:54:17',NULL,0,132.3,20,1,0),(64,'PO-2020041119564120','2020-04-11 19:56:41',NULL,0,132.3,20,1,0),(65,'PO-2020041119574320','2020-04-11 19:57:44','2020-04-23 15:54:37',1,132.3,20,1,0),(66,'PO-2020041119584020','2020-04-11 19:58:40',NULL,0,132.3,20,1,0),(67,'PO-2020041120002520','2020-04-11 20:00:25','2020-04-15 19:34:32',1,132.3,20,1,1),(68,'PO-2020041120073720','2020-04-11 20:07:38','2020-04-22 22:06:05',1,132.3,20,1,1),(69,'PO-2020041120264520','2020-04-11 20:26:46',NULL,0,200,20,1,0),(70,'PO-2020041120322320','2020-04-11 20:32:23',NULL,0,100,20,1,0),(71,'PO-2020041120354820','2020-04-11 20:35:49',NULL,0,132.3,20,1,0),(72,'PO-2020041120361820','2020-04-11 20:36:18',NULL,0,132.3,20,1,0),(73,'PO-2020041120385920','2020-04-11 20:38:59',NULL,0,132.3,20,1,0),(74,'PO-2020041120390120','2020-04-11 20:39:01',NULL,0,132.3,20,1,0),(75,'PO-2020041120390420','2020-04-11 20:39:04',NULL,0,132.3,20,1,0),(76,'PO-2020041120390520','2020-04-11 20:39:06',NULL,0,132.3,20,1,0),(77,'PO-2020041120390620','2020-04-11 20:39:06',NULL,0,132.3,20,0,0),(81,'PO-2020041120391320','2020-04-11 20:39:14',NULL,0,132.3,20,0,0),(82,'PO-2020041120391520','2020-04-11 20:39:16',NULL,0,132.3,20,0,0),(83,'PO-2020041120391620','2020-04-11 20:39:17',NULL,0,132.3,20,0,0),(84,'PO-2020041120391720','2020-04-11 20:39:17',NULL,0,132.3,20,0,0),(86,'PO-2020041120392120','2020-04-11 20:39:21',NULL,0,132.3,20,0,0),(87,'PO-2020041120392220','2020-04-11 20:39:22',NULL,0,132.3,20,0,0),(88,'PO-2020041120392320','2020-04-11 20:39:23',NULL,0,132.3,20,0,0),(89,'PO-2020041120392420','2020-04-11 20:39:24',NULL,0,132.3,20,0,0),(90,'PO-2020041120392520','2020-04-11 20:39:25',NULL,0,132.3,20,0,0),(91,'PO-2020041120392620','2020-04-11 20:39:26',NULL,0,132.3,20,0,0),(92,'PO-2020041120392720','2020-04-11 20:39:27',NULL,0,132.3,20,0,0),(93,'PO-2020041120392820','2020-04-11 20:39:28',NULL,0,132.3,20,0,0),(94,'PO-2020041120392920','2020-04-11 20:39:29',NULL,0,132.3,20,0,0),(95,'PO-2020041120393020','2020-04-11 20:39:30',NULL,0,132.3,20,0,0),(97,'PO-2020041120393420','2020-04-11 20:39:35',NULL,0,132.3,20,0,0),(98,'PO-2020041120393520','2020-04-11 20:39:36',NULL,0,132.3,20,0,0),(99,'PO-2020041120393620','2020-04-11 20:39:37',NULL,0,132.3,20,0,0),(100,'PO-2020041120462920','2020-04-11 20:46:30',NULL,0,464.6,20,0,0),(101,'PO-2020041121010920','2020-04-11 21:01:10',NULL,0,132.3,20,0,0),(102,'PO-2020041121121020','2020-04-11 21:12:10',NULL,0,396.9,20,0,0),(103,'PO-2020041121222220','2020-04-11 21:22:23',NULL,0,661.5,20,1,0),(104,'PO-2020041121244820','2020-04-11 21:24:48',NULL,0,600,20,0,0),(108,'PO-2020041211185120','2020-04-12 11:18:51','2020-04-22 17:22:39',1,396.9,20,1,0),(109,'PO-2020041219310530','2020-04-12 19:31:06',NULL,0,264.6,30,0,0),(110,'PO-2020041219311430','2020-04-12 19:31:14',NULL,0,264.6,30,0,0),(111,'PO-2020041219331230','2020-04-12 19:33:12',NULL,0,264.6,30,0,0),(112,'PO-2020041219332730','2020-04-12 19:33:28',NULL,0,264.6,30,0,0),(113,'PO-2020041219333330','2020-04-12 19:33:34',NULL,0,264.6,30,0,0),(114,'PO-2020041219333630','2020-04-12 19:33:36',NULL,0,264.6,30,0,0),(115,'PO-2020041219333730','2020-04-12 19:33:38',NULL,0,264.6,30,0,0),(116,'PO-2020041219333830','2020-04-12 19:33:39',NULL,0,264.6,30,0,0),(117,'PO-2020041219334130','2020-04-12 19:33:42',NULL,0,264.6,30,0,0),(118,'PO-2020041219334630','2020-04-12 19:33:47',NULL,0,264.6,30,0,0),(119,'PO-2020041219335630','2020-04-12 19:33:56',NULL,0,264.6,30,0,0),(121,'PO-2020041222075720','2020-04-12 22:07:57',NULL,0,396.9,20,1,0),(122,'PO-2020041222084230','2020-04-12 22:08:42','2020-04-26 13:28:54',1,298.4,30,1,0),(123,'PO-2020041222101630','2020-04-12 22:10:16','2020-04-26 13:28:54',1,100,30,1,0),(125,'PO-2020041300135320','2020-04-13 00:13:53','2020-04-26 13:28:53',1,66.15,20,1,0),(126,'PO-2020041300383120','2020-04-13 00:38:31','2020-04-22 16:46:32',1,132.3,20,1,1),(127,'PO-2020041310162920','2020-04-13 10:16:30',NULL,0,1587.6,20,1,0),(128,'PO-2020041316360320','2020-04-13 16:36:04','2020-04-23 14:49:52',1,496.9,20,1,1),(129,'PO-2020041521550520','2020-04-15 21:55:06','2020-04-26 13:28:53',1,1587.6,20,1,0),(130,'PO-2020041523500620','2020-04-15 23:50:07','2020-04-23 16:25:35',1,132.3,20,1,1),(131,'PO-2020042214193520','2020-04-22 14:19:35','2020-04-22 14:23:15',1,661.5,20,1,1),(132,'PO-2020042214394950','2020-04-22 14:39:50','2020-04-22 15:47:42',1,926.1,50,1,0),(133,'PO-2020042214423350','2020-04-22 14:42:33',NULL,0,132.3,50,1,0),(134,'PO-2020042317062220','2020-04-23 17:06:22','2020-04-26 13:28:52',1,592.3,20,1,0),(135,'PO-2020042318284720','2020-04-23 18:28:47','2020-04-26 13:28:51',1,198.45000000000002,20,1,1),(136,'PO-2020042417173420','2020-04-24 17:17:35',NULL,0,264.6,20,1,0),(139,'PO-2020042617431020','2020-04-26 17:43:10',NULL,0,258.45000000000005,20,1,0),(140,'PO-2020042617433220','2020-04-26 17:43:32',NULL,0,258.45000000000005,20,1,0),(141,'PO-2020042617440920','2020-04-26 17:44:09',NULL,0,258.45000000000005,20,1,0),(142,'PO-2020042714531220','2020-04-27 14:53:13',NULL,0,926.1,20,1,0),(143,'PO-2020051612050355','2020-05-16 12:05:04',NULL,0,132.3,55,1,0),(144,'PO-2020051612071155','2020-05-16 12:07:11',NULL,0,60,55,0,0),(145,'PO-2020051612074355','2020-05-16 12:07:43',NULL,0,198.45,55,1,0),(146,'PO-2020051612083855','2020-05-16 12:08:39',NULL,0,793.8,55,0,0),(147,'PO-2020051612301457','2020-05-16 12:30:15',NULL,0,396.9,57,0,0),(148,'PO-2020051614044957','2020-05-16 14:04:49',NULL,0,396.9,57,0,0),(149,'PO-2020051614045057','2020-05-16 14:04:50',NULL,0,396.9,57,0,0),(150,'PO-2020051614054358','2020-05-16 14:05:43',NULL,0,396.9,58,0,0),(151,'PO-2020051614055958','2020-05-16 14:06:00',NULL,0,1323,58,0,0),(152,'PO-2020051614124358','2020-05-16 14:12:44','2020-05-16 14:17:07',1,396.9,58,1,1),(153,'PO-2020051615505020','2020-05-16 15:50:51',NULL,0,300,20,1,0),(154,'PO-2020051615573661','2020-05-16 15:57:37','2020-05-16 16:02:11',1,480,61,1,0),(155,'PO-2020051616070862','2020-05-16 16:07:08',NULL,0,396.9,62,1,0),(156,'PO-2020051616222863','2020-05-16 16:22:28','2020-05-16 16:25:30',1,480,63,1,0),(157,'PO-2020051616295164','2020-05-16 16:29:52',NULL,0,640,64,1,0),(158,'PO-2020051617003965','2020-05-16 17:00:39','2020-05-16 17:04:33',1,640,65,1,1),(159,'PO-2020052300085420','2020-05-23 00:08:55','2020-05-23 00:15:14',1,529.2,20,1,1),(160,'PO-2020052300093020','2020-05-23 00:09:31',NULL,0,529.2,20,1,0),(161,'PO-2020052311210320','2020-05-23 11:21:04',NULL,0,264.6,20,1,0),(162,'PO-2020081821000420','2020-08-18 21:00:05','2020-08-18 21:01:26',1,232.3,20,1,1),(163,'PO-2020081821004820','2020-08-18 21:00:48','2020-08-18 21:01:26',1,396.9,20,1,1);

/*Table structure for table `user` */

DROP TABLE IF EXISTS `user`;

CREATE TABLE `user` (
  `ID` int(11) NOT NULL AUTO_INCREMENT,
  `USERNAME` varchar(50) DEFAULT NULL,
  `PASSWORD` varchar(50) DEFAULT NULL,
  `SEX` int(11) DEFAULT '1',
  `ROLE` int(11) DEFAULT '1',
  `CREATE_DATE` datetime DEFAULT NULL,
  `DISABLED` tinyint(1) DEFAULT '0',
  `ACTIVE_CODE` varchar(255) DEFAULT NULL,
  `EMAIL` varchar(100) DEFAULT NULL,
  `name` varchar(32) DEFAULT NULL,
  PRIMARY KEY (`ID`),
  UNIQUE KEY `USERNAME` (`USERNAME`)
) ENGINE=InnoDB AUTO_INCREMENT=67 DEFAULT CHARSET=utf8;

/*Data for the table `user` */

insert  into `user`(`ID`,`USERNAME`,`PASSWORD`,`SEX`,`ROLE`,`CREATE_DATE`,`DISABLED`,`ACTIVE_CODE`,`EMAIL`,`name`) values (1,'admin','123456',1,2,'2019-04-09 09:47:44',1,NULL,'admin@gmail.com','light'),(2,'test1','123456',2,1,'2019-04-09 09:47:44',1,NULL,'test1@gmail.com','light'),(3,'von1','123',1,1,'2020-04-01 16:07:13',1,NULL,'test2@gmail.com','light'),(20,'vonlight','123456',1,2,'2020-04-07 19:14:09',1,'d19b42c28ff343958e147a831965a020','vonlight002@gmail.com','light-1'),(21,'vonlight09','123',1,2,'2020-04-09 14:55:14',1,'5419b7a9a2a14c9684b581725b86f881','test4@gmail.com','light'),(30,'vonlight01','123',1,1,'2020-04-10 15:25:20',1,'aed8dc315fcd4afea0a5ef03e693d387','test6@gmail.com','light'),(32,'vonlight03','123',1,1,'2020-04-12 14:32:36',1,'2ee36356440f4f8fbdeb59d37564d5e8','vonlight002@gmail.com','light'),(33,'admin_von','123456',1,2,'2020-04-12 15:17:21',1,'f1daa71d52b74f7686f281f94b78b81f','vonlight002@gmail.com','light'),(34,'vonlight04','123',1,1,'2020-04-12 16:02:46',1,'a417dbaa2da148988b564c324fca2bc8','vonlight002@gmail.com','VV'),(36,'vonlight05','123456',1,1,'2020-04-13 12:12:05',1,'3ae6330920574776adc2863f5cc8ba27','vonlight002@gmail.com','vonlight'),(39,'vonlight06','123456',1,1,'2020-04-13 12:16:37',0,'64643c8098f84fbc9b90477b7b5452c8','vonlight002@gmail.com','vonlight'),(41,'vonlight07','123456',1,1,'2020-04-13 12:17:18',0,'24adea05f33b483a94e864b203e817ad','vonlight002@gmail.com','vonlight'),(42,'vonlight08','123456',1,1,'2020-04-13 12:18:38',0,'32514b0535c64b459cd84ee762990e06','12345678@qq.com','vonlight'),(43,'vonlight110','123456',2,1,'2020-04-15 17:31:13',1,'6b1a5880b1244a1c8220300d75002299','vonlight002@gmail.com','vonlight'),(44,'vonlight111','123456',2,1,'2020-04-15 17:36:43',1,'61deea7bd3f84bcca4a8cebe5e3b83d4','vonlight002@gmail.com','vvv'),(45,'asd','asd',1,1,NULL,0,NULL,NULL,NULL),(46,'vonasd','asdasd',1,1,'2020-04-17 16:23:43',0,'ee063b453211404ca857ee1ab2709388','vonlight002@gmail.com','asd'),(47,'vondsa','dsadsa',1,1,'2020-04-17 16:27:18',0,'1014c08125d34b35b7a184b1dd31d0da','vewihopy-8810@courriel.fr.nf','Marsha E Nickel Marsha'),(48,'aminging','123456',1,1,'2020-04-21 14:03:30',0,'180b06ae5b5a40ef8cba79e918bda4cf','765792464@qq.com','von'),(49,'123456678','123456678',1,1,'2020-04-21 14:37:54',0,'199fcdc8299540d2adc9dcfcbf07951c','123456678@gmail.com','123456678'),(50,'von123','123456',1,1,'2020-04-22 14:37:34',1,'6080691ab0f94195a4232f11f1408f04','vonlight002@gmail.com','vonlight'),(51,'vonlight002','123456',1,1,'2020-04-24 10:39:50',1,'e49ab65b87f84187b902b3d85db9638d','vonlight002@gmail.com','von'),(52,'666666','666666',1,1,'2020-04-24 16:49:05',0,'2dc3db1f8c0a4e6fb745688fe11d2aba','vonlight002@gmail.com','666666'),(53,'vonlight003','123456',1,1,'2020-04-25 20:54:27',1,'83fe4f7d8929417d82784849ef6fea8b','vonlight002@gmail.com','vonlight'),(54,'vonlight004','123456',1,1,'2020-04-27 13:38:11',1,'56ddeaaf55ea4b2ca36dadee620dac6c','vonlight002@gmail.com','123'),(55,'vonlight005','123456',2,1,'2020-05-16 12:04:04',1,'3f1b25fe820047398d7481540464aa7c','vonlight002@gmail.com','von'),(56,'vonlight006','123456',1,1,'2020-05-16 12:09:15',1,'d11137316f3e4ba9822af6cc5cddee8a','vonlight002@gmail.com','von'),(57,'vonlight007','123456',1,1,'2020-05-16 12:24:30',1,'14ad8cf0ad7d4b5498e3d962db4f8857','vonlight002@gmail.com','von'),(58,'vonlight1','123456',1,1,'2020-05-16 14:05:20',1,'6cac476d73904ce8b859314fd3ed28c1','vonlight002@gmail.com','von'),(59,'vonlihgt2','123456',1,1,'2020-05-16 14:11:15',1,'cd5cae42e5734576aff7b0130b5b228b','vonlight002@gmail.com','von'),(60,'vonlight3','123456',1,1,'2020-05-16 15:45:25',1,'a2308cc788914eb3aa7c3df7435eb12b','vonlight002@gmail.com','von'),(61,'vonlight6','123456',2,1,'2020-05-16 15:56:40',1,'1a496eba56fb43dfbbae732554c0283e','vonlight002@gmail.com','vonlight'),(62,'vonlight7','123456',2,1,'2020-05-16 16:06:18',1,'63ee0e189e6b4d8d93b880e58f903f4e','vonlight002@gmail.com','von'),(63,'vonlight8','123456',2,1,'2020-05-16 16:21:31',1,'785016246abf4ec6aaadad727be1c38a','vonlight002@gmail.com','vonlight'),(64,'vonlight9','123456',1,1,'2020-05-16 16:28:59',1,'4c4397a737024a37aa131074cb61677c','vonlight002@gmail.com','vonlight'),(65,'vonlight10','123456',2,1,'2020-05-16 16:59:52',1,'71dea0de7fa6407fac286c9ed318031d','vonlight002@gmail.com','von'),(66,'vonlight11','123456',1,1,'2020-05-22 21:32:01',1,'447084e2ccee49d2ad471184c6429b6e','vonlight002@gmail.com','vonlight');

/*!40101 SET SQL_MODE=@OLD_SQL_MODE */;
/*!40014 SET FOREIGN_KEY_CHECKS=@OLD_FOREIGN_KEY_CHECKS */;
/*!40014 SET UNIQUE_CHECKS=@OLD_UNIQUE_CHECKS */;
/*!40111 SET SQL_NOTES=@OLD_SQL_NOTES */;
